-- Devido a massividade e o tamanho das tabelas clientes, pedido e pedidos_has_vegetais, para o povoamento dessas foi desenvolvido por mim um script python com 3 funções para a geração desses códigos MySQL. Link do repositório -> https://github.com/kdukoelho/MySQL---Population-Scripts-Generator 

-- Povoando tabela clientes

INSERT INTO clientes(nome, endereco, email, num_contato) VALUES
("Cauê Daniel Edson da Cunha", "Glória, Rua Gertrudes Probest, 417", "caue_dacunha@gradu.if.ufrj.br", "(65)99273-6634"),
("Nicolas Geraldo Vieira", "Jardim Europa, Alameda Bolivia, 721", "nicolas_vieira@megasurgical.com.br", "(68)99390-8062"),
("Manuela Stella Caldeira", "Engenheiro Belford, Rua Augusto da Silva, 585", "manuela.stella.caldeira@patriciagrillo.adv.br", "(21)99489-3289"),
("Daiane Fátima Nicole Nogueira", "Vila Nova, Rua Érico Miers, 172", "daiane_nogueira@stricker.eu.com", "(47)99360-3597"),
("Vicente Leonardo da Paz", "Jardim Jacarandás, Rua das Primaveras, 444", "vicenteleonardodapaz@sadefem.com.br", "(66)98359-6798"),
("Heloise Eduarda Flávia Teixeira", "Santo Antônio, Alto Militar, 455", "heloise-teixeira75@prodam.am.gov.br", "(98)99123-7412"),
("Ana Mirella Adriana Figueiredo", "Santos Dumont, Rua Violeta, 581", "ana_figueiredo@gutembier.com.br", "(27)98562-8208"),
("Pedro Pietro Juan da Costa", "Santa Helena, Rua Vitório Cosme, 444", "pedro.pietro.dacosta@cantinadafazenda.com.br", "(27)99672-2897"),
("Juan Guilherme Dias", "Areeiro, Praça Mangueirinha, 289", "juan-dias93@quarttus.com.br", "(81)98164-0146"),
("Breno Miguel Sérgio Gonçalves", "Planalto, Rua Clodoaldo Caldas, 648", "breno_goncalves@valeguinchos.com.br", "(84)98742-0314"),
("Clarice Sebastiana Silvana da Rosa", "Tarumã, Rua Jockey Club, 298", "clarice-darosa96@tonyveiculos.com.br", "(92)98899-8847"),
("Iago Yago Alves", "Colinas do Ermitage (Sousas), Rua Aparecida Mamede Teixeira, 342", "iagoyagoalves@citadini.imb.br", "(19)98556-4379"),
("Benjamin Benedito Campos", "Cidade Nova, Rua J, 571", "benjamin_campos@bbcreative.org", "(79)99929-5396"),
("Noah Cauã Julio Duarte", "São Pedro, Rua Virgínia Monteiro, 627", "noahcauaduarte@riobc.com.br", "(77)98760-8545"),
("Cauã Kevin da Rocha", "Jardim Santa Bárbara, Avenida Santa Rita, 734", "caua.kevin.darocha@grupoarteoficio.com.br", "(63)98204-7587");

-- Povoando a tabela tipos_vegetais

INSERT INTO tipos_vegetais VALUES
('1', 'Fruto'),
('2', 'Folha'),
('3', 'Flor'),
('4', 'Tuberculo'),
('5', 'Raiz'),
('6', 'Bulbo'),
('7', 'Caule');

-- Povoado a tabela de vegetais

INSERT INTO vegetais(id_tipo_vegetal, nome, qtd_estoque, valor_p_kg) VALUES
("1", "Abobrinha", "12.34", "3.50"),
("1", "Berinjela", "23.41", "5.60"),
("2", "Alface", "16.21", "15.00"),
("2", "Espinafre", "6.14", "15.39"),
("3", "Couve-Flor", "17.36", "6.25"),
("3", "Brócolis", "25.14", "15.30"),
("4", "Batata-Doce", "6.51", "6.90"),
("4", "Inhame", "7.5", "13.40"),
("5", "Beterraba", "9.5", "2.72"),
("5", "Cenoura", "12.22", "3.15"),
("6", "Alho", "18.26", "14.50"),
("6", "Cebola", "15.20", "5.50"),
("7", "Aipo", "17.00", "21.40"),
("7", "Aspargo", "19.33", "73.00");

-- Povoando a tabela de pedido

INSERT INTO pedido(id_cliente, data_pedido, data_agendada_entrega, data_efetiva_entrega) VALUES
("1", "2022-10-25", "2022-11-06", "2022-11-07"),
("2", "2022-11-23", "2022-12-03", NULL),
("3", "2022-11-01", "2022-11-07", "2022-11-08"),
("4", "2022-12-09", "2022-12-10", NULL),
("5", "2022-08-23", "2022-08-25", "2022-08-28"),
("6", "2022-11-26", "2022-12-05", NULL),
("7", "2022-08-22", "2022-08-23", "2022-08-24"),
("8", "2022-10-19", "2022-11-02", "2022-11-05"),
("9", "2022-09-21", "2022-09-25", "2022-09-28"),
("10", "2022-09-16", "2022-09-26", "2022-09-28"),
("11", "2022-10-23", "2022-11-01", "2022-11-03"),
("12", "2022-09-26", "2022-09-27", "2022-09-29"),
("13", "2022-11-29", "2022-12-06", NULL),
("14", "2022-09-14", "2022-09-18", "2022-09-21"),
("15", "2022-08-28", "2022-09-11", "2022-09-12");

-- Povoando a entidade de pedido_has_vegetais

INSERT INTO pedido_has_vegetais(id_pedido, id_vegetal, qtd_kg) VALUES
("1", "9", "1.33"),
("1", "4", "0.37"),
("1", "7", "0.2"),
("1", "14", "1.1"),
("1", "13", "1.0"),
("1", "14", "0.38"),
("1", "5", "0.44"),
("2", "14", "1.36"),
("2", "10", "1.72"),
("2", "11", "0.9"),
("2", "1", "1.63"),
("2", "4", "2.4"),
("2", "12", "0.62"),
("3", "6", "0.35"),
("3", "12", "0.27"),
("3", "3", "1.05"),
("3", "9", "0.2"),
("3", "4", "1.52"),
("3", "11", "1.96"),
("3", "14", "1.51"),
("3", "4", "0.35"),
("3", "7", "1.23"),
("3", "7", "0.69"),
("3", "5", "2.32"),
("4", "3", "2.23"),
("4", "12", "1.45"),
("4", "7", "2.42"),
("4", "14", "1.66"),
("4", "6", "1.59"),
("4", "5", "0.08"),
("4", "14", "1.6"),
("4", "4", "0.57"),
("5", "14", "0.51"),
("5", "7", "0.16"),
("5", "1", "0.83"),
("5", "11", "2.03"),
("5", "9", "0.93"),
("5", "5", "0.81"),
("5", "12", "1.17"),
("5", "2", "0.59"),
("5", "2", "1.9"),
("6", "10", "0.17"),
("6", "1", "2.09"),
("6", "11", "1.44"),
("6", "8", "0.49"),
("7", "3", "0.24"),
("7", "9", "1.21"),
("7", "5", "0.55"),
("7", "9", "1.08"),
("7", "8", "1.61"),
("7", "2", "2.17"),
("7", "6", "0.2"),
("7", "11", "0.62"),
("8", "3", "2.35"),
("8", "5", "1.97"),
("8", "13", "1.24"),
("8", "7", "1.7"),
("8", "5", "1.52"),
("8", "2", "1.58"),
("8", "11", "1.37"),
("8", "6", "0.88"),
("8", "9", "0.73"),
("8", "10", "0.19"),
("9", "14", "2.12"),
("9", "7", "0.61"),
("9", "8", "1.04"),
("9", "3", "2.13"),
("9", "13", "2.13"),
("9", "7", "0.6"),
("10", "6", "0.0"),
("10", "4", "1.22"),
("10", "1", "0.36"),
("10", "14", "1.54"),
("10", "13", "2.29"),
("10", "7", "1.57"),
("10", "10", "1.18"),
("10", "5", "1.79"),
("10", "3", "2.04"),
("10", "4", "0.89"),
("10", "11", "1.72"),
("11", "3", "0.02"),
("11", "4", "1.46"),
("11", "12", "0.37"),
("11", "6", "0.88"),
("11", "3", "2.28"),
("11", "14", "2.11"),
("12", "7", "1.15"),
("12", "10", "0.23"),
("12", "6", "1.92"),
("12", "4", "1.89"),
("12", "14", "0.85"),
("12", "5", "1.91"),
("12", "13", "1.4"),
("12", "3", "0.69"),
("12", "6", "0.44"),
("13", "5", "0.71"),
("13", "3", "1.86"),
("13", "1", "0.61"),
("14", "8", "0.14"),
("14", "13", "1.42"),
("15", "5", "2.21"),
("15", "14", "1.89"),
("15", "1", "0.94"),
("15", "4", "2.35"),
("15", "13", "0.07"),
("15", "3", "0.74"),
("15", "9", "2.11"),
("15", "6", "2.17"),
("15", "4", "0.6"),
("15", "10", "2.45");
